﻿<?xml version="1.0" encoding="utf-8"?>
<publishData>
  <publishProfile publishUrl="C:\tempWEB" deleteExistingFiles="True" ftpAnonymousLogin="False" ftpPassiveMode="True" msdeploySite="" msdeploySiteID="" msdeployRemoteSitePhysicalPath="" msdeployAllowUntrustedCertificate="False" msdeploySkipExtraFilesOnServer="True" msdeployMarkAsApp="False" profileName="Профиль1" publishMethod="FileSystem" replaceMatchingFiles="False" userName="" savePWD="False" userPWD="" SelectedForPublish="True">
    <file relUrl="Bookmarks/About.txt" publishTime="03/03/2014 14:57:41" />
    <file relUrl="bin/Newtonsoft.Json.pdb" publishTime="03/03/2014 14:57:41" />
    <file relUrl="bin/GeomertyNetworkWorker.dll" publishTime="07/01/2014 14:13:37" />
    <file relUrl="bin/GazServiceServerAdmin.pdb" publishTime="07/01/2014 14:13:37" />
    <file relUrl="bin/ESRI.ArcGIS.Geometry.dll" publishTime="04/15/2014 11:51:26" />
    <file relUrl="bin/Newtonsoft.Json.xml" publishTime="03/03/2014 14:57:41" />
    <file relUrl="bin/GazServiceServerAdmin.dll" publishTime="07/01/2014 14:13:37" />
    <file relUrl="Scripts/jquery-1.4.1.js" publishTime="03/03/2014 14:57:41" />
    <file relUrl="Admin.asmx" publishTime="03/03/2014 14:57:41" />
    <file relUrl="bin/Newtonsoft.Json.dll" publishTime="03/03/2014 14:57:41" />
    <file relUrl="bin/GASDB.sde" publishTime="03/03/2014 14:57:41" />
    <file relUrl="bin/ESRI.ArcGIS.System.dll" publishTime="04/15/2014 11:51:26" />
    <file relUrl="Global.asax" publishTime="03/03/2014 14:57:41" />
    <file relUrl="bin/GeomertyNetworkWorker.pdb" publishTime="07/01/2014 14:13:37" />
    <file relUrl="Scripts/jquery-1.4.1-vsdoc.js" publishTime="03/03/2014 14:57:41" />
    <file relUrl="Web.config" publishTime="07/01/2014 14:13:41" />
    <file relUrl="bin/ESRI.ArcGIS.Geodatabase.dll" publishTime="04/15/2014 11:51:26" />
    <file relUrl="Scripts/jquery-1.4.1.min.js" publishTime="03/03/2014 14:57:41" />
    <file relUrl="bin/ESRI.ArcGIS.Version.dll" publishTime="04/15/2014 11:51:26" />
  </publishProfile>
</publishData>